<?xml version="1.0" encoding="UTF-8"?>
<root>
  <item name="com.yalantis.ucrop.MultiUCrop.Options void setAllowedGestures(int, int, int) 0">
    <annotation name="android.support.annotation.IntDef">
      <val name="value" val="{com.yalantis.ucrop.ui.PictureMultiCuttingActivity.NONE, com.yalantis.ucrop.ui.PictureMultiCuttingActivity.SCALE, com.yalantis.ucrop.ui.PictureMultiCuttingActivity.ROTATE, com.yalantis.ucrop.ui.PictureMultiCuttingActivity.ALL}" />
    </annotation>
  </item>
  <item name="com.yalantis.ucrop.MultiUCrop.Options void setAllowedGestures(int, int, int) 1">
    <annotation name="android.support.annotation.IntDef">
      <val name="value" val="{com.yalantis.ucrop.ui.PictureMultiCuttingActivity.NONE, com.yalantis.ucrop.ui.PictureMultiCuttingActivity.SCALE, com.yalantis.ucrop.ui.PictureMultiCuttingActivity.ROTATE, com.yalantis.ucrop.ui.PictureMultiCuttingActivity.ALL}" />
    </annotation>
  </item>
  <item name="com.yalantis.ucrop.MultiUCrop.Options void setAllowedGestures(int, int, int) 2">
    <annotation name="android.support.annotation.IntDef">
      <val name="value" val="{com.yalantis.ucrop.ui.PictureMultiCuttingActivity.NONE, com.yalantis.ucrop.ui.PictureMultiCuttingActivity.SCALE, com.yalantis.ucrop.ui.PictureMultiCuttingActivity.ROTATE, com.yalantis.ucrop.ui.PictureMultiCuttingActivity.ALL}" />
    </annotation>
  </item>
  <item name="com.yalantis.ucrop.UCrop.Options void setAllowedGestures(int, int, int) 0">
    <annotation name="android.support.annotation.IntDef">
      <val name="value" val="{com.yalantis.ucrop.ui.PictureSingeUCropActivity.NONE, com.yalantis.ucrop.ui.PictureSingeUCropActivity.SCALE, com.yalantis.ucrop.ui.PictureSingeUCropActivity.ROTATE, com.yalantis.ucrop.ui.PictureSingeUCropActivity.ALL}" />
    </annotation>
  </item>
  <item name="com.yalantis.ucrop.UCrop.Options void setAllowedGestures(int, int, int) 1">
    <annotation name="android.support.annotation.IntDef">
      <val name="value" val="{com.yalantis.ucrop.ui.PictureSingeUCropActivity.NONE, com.yalantis.ucrop.ui.PictureSingeUCropActivity.SCALE, com.yalantis.ucrop.ui.PictureSingeUCropActivity.ROTATE, com.yalantis.ucrop.ui.PictureSingeUCropActivity.ALL}" />
    </annotation>
  </item>
  <item name="com.yalantis.ucrop.UCrop.Options void setAllowedGestures(int, int, int) 2">
    <annotation name="android.support.annotation.IntDef">
      <val name="value" val="{com.yalantis.ucrop.ui.PictureSingeUCropActivity.NONE, com.yalantis.ucrop.ui.PictureSingeUCropActivity.SCALE, com.yalantis.ucrop.ui.PictureSingeUCropActivity.ROTATE, com.yalantis.ucrop.ui.PictureSingeUCropActivity.ALL}" />
    </annotation>
  </item>
</root>

